-- phpMyAdmin SQL Dump
-- version 5.0.2
-- https://www.phpmyadmin.net/
--
-- Host: 127.0.0.1
-- Generation Time: Oct 25, 2020 at 10:37 AM
-- Server version: 10.4.13-MariaDB
-- PHP Version: 7.4.8

SET SQL_MODE = "NO_AUTO_VALUE_ON_ZERO";
START TRANSACTION;
SET time_zone = "+00:00";


/*!40101 SET @OLD_CHARACTER_SET_CLIENT=@@CHARACTER_SET_CLIENT */;
/*!40101 SET @OLD_CHARACTER_SET_RESULTS=@@CHARACTER_SET_RESULTS */;
/*!40101 SET @OLD_COLLATION_CONNECTION=@@COLLATION_CONNECTION */;
/*!40101 SET NAMES utf8mb4 */;

--
-- Database: `fashion`
--

-- --------------------------------------------------------

--
-- Table structure for table `admins`
--

CREATE TABLE `admins` (
  `id` int(11) NOT NULL,
  `username` varchar(225) NOT NULL,
  `email` varchar(255) NOT NULL,
  `password` varchar(225) NOT NULL,
  `status` tinyint(4) NOT NULL DEFAULT 0
) ENGINE=InnoDB DEFAULT CHARSET=utf8;

--
-- Dumping data for table `admins`
--

INSERT INTO `admins` (`id`, `username`, `email`, `password`, `status`) VALUES
(5, 'admin', 'admin@gmail.com', 'c93ccd78b2076528346216b3b2f701e6', 1),
(6, 'mohamed', 'mohamed@gmail.com', '81dc9bdb52d04dc20036dbd8313ed055', 1);

-- --------------------------------------------------------

--
-- Table structure for table `banners`
--

CREATE TABLE `banners` (
  `id` int(11) NOT NULL,
  `image` varchar(255) NOT NULL,
  `title` varchar(255) NOT NULL,
  `link` varchar(255) NOT NULL,
  `status` tinyint(4) NOT NULL DEFAULT 0,
  `created_at` timestamp NULL DEFAULT NULL,
  `updated_at` timestamp NULL DEFAULT NULL
) ENGINE=InnoDB DEFAULT CHARSET=utf8;

-- --------------------------------------------------------

--
-- Table structure for table `cart`
--

CREATE TABLE `cart` (
  `id` bigint(20) UNSIGNED NOT NULL,
  `product_id` int(11) NOT NULL,
  `product_name` varchar(255) COLLATE utf8mb4_unicode_ci NOT NULL,
  `product_code` varchar(255) COLLATE utf8mb4_unicode_ci NOT NULL,
  `product_color` varchar(255) COLLATE utf8mb4_unicode_ci NOT NULL,
  `size` varchar(255) COLLATE utf8mb4_unicode_ci NOT NULL,
  `price` varchar(255) COLLATE utf8mb4_unicode_ci NOT NULL,
  `quantity` int(11) NOT NULL,
  `user_email` varchar(255) COLLATE utf8mb4_unicode_ci NOT NULL,
  `session_id` varchar(255) COLLATE utf8mb4_unicode_ci NOT NULL,
  `created_at` timestamp NULL DEFAULT NULL,
  `updated_at` timestamp NULL DEFAULT NULL
) ENGINE=InnoDB DEFAULT CHARSET=utf8mb4 COLLATE=utf8mb4_unicode_ci;

--
-- Dumping data for table `cart`
--

INSERT INTO `cart` (`id`, `product_id`, `product_name`, `product_code`, `product_color`, `size`, `price`, `quantity`, `user_email`, `session_id`, `created_at`, `updated_at`) VALUES
(1, 1, 'T-Shirt', '123456', 'Orange', 'M', '120', 1, 'mohamed@gmail.com', '852h2gAehYHBDEElvhdsnpxojOkye4nxBcXXk3sr', NULL, NULL),
(2, 1, 'T-Shirt', '123456', 'Orange', 'M', '120', 3, '', '71tIstDuc4hdFt7D2keqLmYnkpaUHSHGwErA4Zkz', NULL, NULL),
(3, 1, 'T-Shirt', '123456', 'Orange', 'M', '120', 2, 'mohamed@gmail.com', 'EqFjZER2AxEH3Sx6RCErjnuIxlrnKZLASDR51IVQ', NULL, NULL),
(4, 1, 'T-Shirt', '123456', 'Orange', 'M', '120', 2, '', 'LRouDSmrTD2z8JT5OAPN1Q8AaHUHR1GNvmX4SCrC', NULL, NULL),
(5, 1, 'T-Shirt', '123456', 'Orange', 'M', '120', 2, 'mohamed@gmail.com', 'CTzijoo3kQHI3DAtXcwUpAKFZcQ4EmGuVGMAnM0w', NULL, NULL),
(6, 1, 'T-Shirt', '123456', 'Orange', 'M', '120', 2, '', 'xZDaRjw1LwtImzuR8bfbzP7RbwxnFXn1vGD09n63', NULL, NULL),
(7, 2, 'dotchi  bag', '18880', 'brown', 'M', '120', 1, 'mohamed@gmail.com', 'HJu3rmpo9AFoZK5mCTTSAowxWWJYBzapFCxmHBhW', NULL, NULL);

-- --------------------------------------------------------

--
-- Table structure for table `categories`
--

CREATE TABLE `categories` (
  `id` int(10) UNSIGNED NOT NULL,
  `name` varchar(255) COLLATE utf8mb4_unicode_ci NOT NULL,
  `description` text COLLATE utf8mb4_unicode_ci NOT NULL,
  `url` varchar(255) COLLATE utf8mb4_unicode_ci NOT NULL,
  `status` int(11) NOT NULL,
  `parent_id` tinyint(4) NOT NULL,
  `created_at` timestamp NULL DEFAULT NULL,
  `updated_at` timestamp NULL DEFAULT NULL
) ENGINE=InnoDB DEFAULT CHARSET=utf8mb4 COLLATE=utf8mb4_unicode_ci;

--
-- Dumping data for table `categories`
--

INSERT INTO `categories` (`id`, `name`, `description`, `url`, `status`, `parent_id`, `created_at`, `updated_at`) VALUES
(1, 'Clothes2', 'awsome', 'Clothes', 1, 1, '2020-07-18 14:02:20', '2020-08-23 20:11:37'),
(3, 'Leather', 'test', 'Leather', 1, 0, '2020-08-23 20:17:46', '2020-08-23 20:17:46'),
(4, 'bags', 'bags', 'bags', 1, 3, '2020-08-23 20:18:23', '2020-08-23 20:18:23');

-- --------------------------------------------------------

--
-- Table structure for table `countries`
--

CREATE TABLE `countries` (
  `id` int(11) NOT NULL,
  `country_code` varchar(2) NOT NULL DEFAULT '',
  `country_name` varchar(100) NOT NULL DEFAULT ''
) ENGINE=MyISAM DEFAULT CHARSET=utf8;

--
-- Dumping data for table `countries`
--

INSERT INTO `countries` (`id`, `country_code`, `country_name`) VALUES
(1, 'AF', 'Afghanistan'),
(2, 'AL', 'Albania'),
(3, 'DZ', 'Algeria'),
(4, 'DS', 'American Samoa'),
(5, 'AD', 'Andorra'),
(6, 'AO', 'Angola'),
(7, 'AI', 'Anguilla'),
(8, 'AQ', 'Antarctica'),
(9, 'AG', 'Antigua and Barbuda'),
(10, 'AR', 'Argentina'),
(11, 'AM', 'Armenia'),
(12, 'AW', 'Aruba'),
(13, 'AU', 'Australia'),
(14, 'AT', 'Austria'),
(15, 'AZ', 'Azerbaijan'),
(16, 'BS', 'Bahamas'),
(17, 'BH', 'Bahrain'),
(18, 'BD', 'Bangladesh'),
(19, 'BB', 'Barbados'),
(20, 'BY', 'Belarus'),
(21, 'BE', 'Belgium'),
(22, 'BZ', 'Belize'),
(23, 'BJ', 'Benin'),
(24, 'BM', 'Bermuda'),
(25, 'BT', 'Bhutan'),
(26, 'BO', 'Bolivia'),
(27, 'BA', 'Bosnia and Herzegovina'),
(28, 'BW', 'Botswana'),
(29, 'BV', 'Bouvet Island'),
(30, 'BR', 'Brazil'),
(31, 'IO', 'British Indian Ocean Territory'),
(32, 'BN', 'Brunei Darussalam'),
(33, 'BG', 'Bulgaria'),
(34, 'BF', 'Burkina Faso'),
(35, 'BI', 'Burundi'),
(36, 'KH', 'Cambodia'),
(37, 'CM', 'Cameroon'),
(38, 'CA', 'Canada'),
(39, 'CV', 'Cape Verde'),
(40, 'KY', 'Cayman Islands'),
(41, 'CF', 'Central African Republic'),
(42, 'TD', 'Chad'),
(43, 'CL', 'Chile'),
(44, 'CN', 'China'),
(45, 'CX', 'Christmas Island'),
(46, 'CC', 'Cocos (Keeling) Islands'),
(47, 'CO', 'Colombia'),
(48, 'KM', 'Comoros'),
(49, 'CD', 'Democratic Republic of the Congo'),
(50, 'CG', 'Republic of Congo'),
(51, 'CK', 'Cook Islands'),
(52, 'CR', 'Costa Rica'),
(53, 'HR', 'Croatia (Hrvatska)'),
(54, 'CU', 'Cuba'),
(55, 'CY', 'Cyprus'),
(56, 'CZ', 'Czech Republic'),
(57, 'DK', 'Denmark'),
(58, 'DJ', 'Djibouti'),
(59, 'DM', 'Dominica'),
(60, 'DO', 'Dominican Republic'),
(61, 'TP', 'East Timor'),
(62, 'EC', 'Ecuador'),
(63, 'EG', 'Egypt'),
(64, 'SV', 'El Salvador'),
(65, 'GQ', 'Equatorial Guinea'),
(66, 'ER', 'Eritrea'),
(67, 'EE', 'Estonia'),
(68, 'ET', 'Ethiopia'),
(69, 'FK', 'Falkland Islands (Malvinas)'),
(70, 'FO', 'Faroe Islands'),
(71, 'FJ', 'Fiji'),
(72, 'FI', 'Finland'),
(73, 'FR', 'France'),
(74, 'FX', 'France, Metropolitan'),
(75, 'GF', 'French Guiana'),
(76, 'PF', 'French Polynesia'),
(77, 'TF', 'French Southern Territories'),
(78, 'GA', 'Gabon'),
(79, 'GM', 'Gambia'),
(80, 'GE', 'Georgia'),
(81, 'DE', 'Germany'),
(82, 'GH', 'Ghana'),
(83, 'GI', 'Gibraltar'),
(84, 'GK', 'Guernsey'),
(85, 'GR', 'Greece'),
(86, 'GL', 'Greenland'),
(87, 'GD', 'Grenada'),
(88, 'GP', 'Guadeloupe'),
(89, 'GU', 'Guam'),
(90, 'GT', 'Guatemala'),
(91, 'GN', 'Guinea'),
(92, 'GW', 'Guinea-Bissau'),
(93, 'GY', 'Guyana'),
(94, 'HT', 'Haiti'),
(95, 'HM', 'Heard and Mc Donald Islands'),
(96, 'HN', 'Honduras'),
(97, 'HK', 'Hong Kong'),
(98, 'HU', 'Hungary'),
(99, 'IS', 'Iceland'),
(100, 'IN', 'India'),
(101, 'IM', 'Isle of Man'),
(102, 'ID', 'Indonesia'),
(103, 'IR', 'Iran (Islamic Republic of)'),
(104, 'IQ', 'Iraq'),
(105, 'IE', 'Ireland'),
(106, 'IL', 'Israel'),
(107, 'IT', 'Italy'),
(108, 'CI', 'Ivory Coast'),
(109, 'JE', 'Jersey'),
(110, 'JM', 'Jamaica'),
(111, 'JP', 'Japan'),
(112, 'JO', 'Jordan'),
(113, 'KZ', 'Kazakhstan'),
(114, 'KE', 'Kenya'),
(115, 'KI', 'Kiribati'),
(116, 'KP', 'Korea, Democratic People\'s Republic of'),
(117, 'KR', 'Korea, Republic of'),
(118, 'XK', 'Kosovo'),
(119, 'KW', 'Kuwait'),
(120, 'KG', 'Kyrgyzstan'),
(121, 'LA', 'Lao People\'s Democratic Republic'),
(122, 'LV', 'Latvia'),
(123, 'LB', 'Lebanon'),
(124, 'LS', 'Lesotho'),
(125, 'LR', 'Liberia'),
(126, 'LY', 'Libyan Arab Jamahiriya'),
(127, 'LI', 'Liechtenstein'),
(128, 'LT', 'Lithuania'),
(129, 'LU', 'Luxembourg'),
(130, 'MO', 'Macau'),
(131, 'MK', 'North Macedonia'),
(132, 'MG', 'Madagascar'),
(133, 'MW', 'Malawi'),
(134, 'MY', 'Malaysia'),
(135, 'MV', 'Maldives'),
(136, 'ML', 'Mali'),
(137, 'MT', 'Malta'),
(138, 'MH', 'Marshall Islands'),
(139, 'MQ', 'Martinique'),
(140, 'MR', 'Mauritania'),
(141, 'MU', 'Mauritius'),
(142, 'TY', 'Mayotte'),
(143, 'MX', 'Mexico'),
(144, 'FM', 'Micronesia, Federated States of'),
(145, 'MD', 'Moldova, Republic of'),
(146, 'MC', 'Monaco'),
(147, 'MN', 'Mongolia'),
(148, 'ME', 'Montenegro'),
(149, 'MS', 'Montserrat'),
(150, 'MA', 'Morocco'),
(151, 'MZ', 'Mozambique'),
(152, 'MM', 'Myanmar'),
(153, 'NA', 'Namibia'),
(154, 'NR', 'Nauru'),
(155, 'NP', 'Nepal'),
(156, 'NL', 'Netherlands'),
(157, 'AN', 'Netherlands Antilles'),
(158, 'NC', 'New Caledonia'),
(159, 'NZ', 'New Zealand'),
(160, 'NI', 'Nicaragua'),
(161, 'NE', 'Niger'),
(162, 'NG', 'Nigeria'),
(163, 'NU', 'Niue'),
(164, 'NF', 'Norfolk Island'),
(165, 'MP', 'Northern Mariana Islands'),
(166, 'NO', 'Norway'),
(167, 'OM', 'Oman'),
(168, 'PK', 'Pakistan'),
(169, 'PW', 'Palau'),
(170, 'PS', 'Palestine'),
(171, 'PA', 'Panama'),
(172, 'PG', 'Papua New Guinea'),
(173, 'PY', 'Paraguay'),
(174, 'PE', 'Peru'),
(175, 'PH', 'Philippines'),
(176, 'PN', 'Pitcairn'),
(177, 'PL', 'Poland'),
(178, 'PT', 'Portugal'),
(179, 'PR', 'Puerto Rico'),
(180, 'QA', 'Qatar'),
(181, 'RE', 'Reunion'),
(182, 'RO', 'Romania'),
(183, 'RU', 'Russian Federation'),
(184, 'RW', 'Rwanda'),
(185, 'KN', 'Saint Kitts and Nevis'),
(186, 'LC', 'Saint Lucia'),
(187, 'VC', 'Saint Vincent and the Grenadines'),
(188, 'WS', 'Samoa'),
(189, 'SM', 'San Marino'),
(190, 'ST', 'Sao Tome and Principe'),
(191, 'SA', 'Saudi Arabia'),
(192, 'SN', 'Senegal'),
(193, 'RS', 'Serbia'),
(194, 'SC', 'Seychelles'),
(195, 'SL', 'Sierra Leone'),
(196, 'SG', 'Singapore'),
(197, 'SK', 'Slovakia'),
(198, 'SI', 'Slovenia'),
(199, 'SB', 'Solomon Islands'),
(200, 'SO', 'Somalia'),
(201, 'ZA', 'South Africa'),
(202, 'GS', 'South Georgia South Sandwich Islands'),
(203, 'SS', 'South Sudan'),
(204, 'ES', 'Spain'),
(205, 'LK', 'Sri Lanka'),
(206, 'SH', 'St. Helena'),
(207, 'PM', 'St. Pierre and Miquelon'),
(208, 'SD', 'Sudan'),
(209, 'SR', 'Suriname'),
(210, 'SJ', 'Svalbard and Jan Mayen Islands'),
(211, 'SZ', 'Swaziland'),
(212, 'SE', 'Sweden'),
(213, 'CH', 'Switzerland'),
(214, 'SY', 'Syrian Arab Republic'),
(215, 'TW', 'Taiwan'),
(216, 'TJ', 'Tajikistan'),
(217, 'TZ', 'Tanzania, United Republic of'),
(218, 'TH', 'Thailand'),
(219, 'TG', 'Togo'),
(220, 'TK', 'Tokelau'),
(221, 'TO', 'Tonga'),
(222, 'TT', 'Trinidad and Tobago'),
(223, 'TN', 'Tunisia'),
(224, 'TR', 'Turkey'),
(225, 'TM', 'Turkmenistan'),
(226, 'TC', 'Turks and Caicos Islands'),
(227, 'TV', 'Tuvalu'),
(228, 'UG', 'Uganda'),
(229, 'UA', 'Ukraine'),
(230, 'AE', 'United Arab Emirates'),
(231, 'GB', 'United Kingdom'),
(232, 'US', 'United States'),
(233, 'UM', 'United States minor outlying islands'),
(234, 'UY', 'Uruguay'),
(235, 'UZ', 'Uzbekistan'),
(236, 'VU', 'Vanuatu'),
(237, 'VA', 'Vatican City State'),
(238, 'VE', 'Venezuela'),
(239, 'VN', 'Vietnam'),
(240, 'VG', 'Virgin Islands (British)'),
(241, 'VI', 'Virgin Islands (U.S.)'),
(242, 'WF', 'Wallis and Futuna Islands'),
(243, 'EH', 'Western Sahara'),
(244, 'YE', 'Yemen'),
(245, 'ZM', 'Zambia'),
(246, 'ZW', 'Zimbabwe');

-- --------------------------------------------------------

--
-- Table structure for table `coupons`
--

CREATE TABLE `coupons` (
  `id` int(10) UNSIGNED NOT NULL,
  `coupon_code` varchar(255) COLLATE utf8mb4_unicode_ci NOT NULL,
  `amount` int(11) NOT NULL,
  `amount_type` varchar(255) COLLATE utf8mb4_unicode_ci NOT NULL,
  `expiry_date` date NOT NULL,
  `status` tinyint(4) NOT NULL DEFAULT 0,
  `created_at` timestamp NULL DEFAULT NULL,
  `updated_at` timestamp NULL DEFAULT NULL
) ENGINE=InnoDB DEFAULT CHARSET=utf8mb4 COLLATE=utf8mb4_unicode_ci;

--
-- Dumping data for table `coupons`
--

INSERT INTO `coupons` (`id`, `coupon_code`, `amount`, `amount_type`, `expiry_date`, `status`, `created_at`, `updated_at`) VALUES
(2, '4577', 333, '1', '2020-08-25', 1, NULL, NULL);

-- --------------------------------------------------------

--
-- Table structure for table `delivery_addresses`
--

CREATE TABLE `delivery_addresses` (
  `id` int(10) UNSIGNED NOT NULL,
  `user_id` int(11) NOT NULL,
  `user_email` varchar(255) COLLATE utf8mb4_unicode_ci NOT NULL,
  `name` varchar(255) COLLATE utf8mb4_unicode_ci NOT NULL,
  `address` varchar(255) COLLATE utf8mb4_unicode_ci NOT NULL,
  `city` varchar(255) COLLATE utf8mb4_unicode_ci NOT NULL,
  `state` varchar(255) COLLATE utf8mb4_unicode_ci NOT NULL,
  `country` varchar(255) COLLATE utf8mb4_unicode_ci NOT NULL,
  `mobile` varchar(255) COLLATE utf8mb4_unicode_ci NOT NULL,
  `pincode` varchar(255) COLLATE utf8mb4_unicode_ci NOT NULL,
  `created_at` timestamp NULL DEFAULT NULL,
  `updated_at` timestamp NULL DEFAULT NULL
) ENGINE=InnoDB DEFAULT CHARSET=utf8mb4 COLLATE=utf8mb4_unicode_ci;

--
-- Dumping data for table `delivery_addresses`
--

INSERT INTO `delivery_addresses` (`id`, `user_id`, `user_email`, `name`, `address`, `city`, `state`, `country`, `mobile`, `pincode`, `created_at`, `updated_at`) VALUES
(1, 1, 'mohamed@gmail.com', 'mohamed', 'Meetbara', 'Benha', 'test', 'Egypt', '01221470496', '23', '2020-07-19 14:11:52', '2020-08-24 07:50:12'),
(2, 30, 'msarwat46@gmail.com', 'mohamed', 'meetbara', 'benha', 'quesnan', 'Afghanistan', '01062070712', '1255', '2020-08-24 12:50:16', '2020-08-24 12:50:16');

-- --------------------------------------------------------

--
-- Table structure for table `failed_jobs`
--

CREATE TABLE `failed_jobs` (
  `id` bigint(20) UNSIGNED NOT NULL,
  `connection` text COLLATE utf8mb4_unicode_ci NOT NULL,
  `queue` text COLLATE utf8mb4_unicode_ci NOT NULL,
  `payload` longtext COLLATE utf8mb4_unicode_ci NOT NULL,
  `exception` longtext COLLATE utf8mb4_unicode_ci NOT NULL,
  `failed_at` timestamp NOT NULL DEFAULT current_timestamp()
) ENGINE=InnoDB DEFAULT CHARSET=utf8mb4 COLLATE=utf8mb4_unicode_ci;

-- --------------------------------------------------------

--
-- Table structure for table `migrations`
--

CREATE TABLE `migrations` (
  `id` int(10) UNSIGNED NOT NULL,
  `migration` varchar(255) COLLATE utf8mb4_unicode_ci NOT NULL,
  `batch` int(11) NOT NULL
) ENGINE=InnoDB DEFAULT CHARSET=utf8mb4 COLLATE=utf8mb4_unicode_ci;

--
-- Dumping data for table `migrations`
--

INSERT INTO `migrations` (`id`, `migration`, `batch`) VALUES
(1, '2014_10_12_000000_create_users_table', 1),
(2, '2014_10_12_100000_create_password_resets_table', 1),
(3, '2019_08_19_000000_create_failed_jobs_table', 1),
(4, '2020_04_08_161618_create_category_table', 1),
(5, '2020_04_13_195221_create_products_table', 1),
(6, '2020_04_20_194351_create_product_attributes', 1),
(7, '2020_06_07_190423_create_cart_table', 1),
(8, '2020_07_13_220904_create_coupons_table', 1),
(9, '2020_07_18_153400_create_delivery_addresses_table', 1),
(10, '2020_07_23_185337_create_orders_table', 2),
(11, '2020_07_23_185421_create_products_orders_table', 2);

-- --------------------------------------------------------

--
-- Table structure for table `orders`
--

CREATE TABLE `orders` (
  `id` int(10) UNSIGNED NOT NULL,
  `user_id` int(11) NOT NULL,
  `user_email` varchar(255) COLLATE utf8mb4_unicode_ci NOT NULL,
  `name` varchar(255) COLLATE utf8mb4_unicode_ci NOT NULL,
  `address` varchar(255) COLLATE utf8mb4_unicode_ci NOT NULL,
  `city` varchar(255) COLLATE utf8mb4_unicode_ci NOT NULL,
  `state` varchar(255) COLLATE utf8mb4_unicode_ci NOT NULL,
  `pincode` varchar(255) COLLATE utf8mb4_unicode_ci NOT NULL,
  `country` varchar(255) COLLATE utf8mb4_unicode_ci NOT NULL,
  `mobile` varchar(255) COLLATE utf8mb4_unicode_ci NOT NULL,
  `coupon_code` varchar(255) COLLATE utf8mb4_unicode_ci NOT NULL,
  `coupon_amount` double(8,2) NOT NULL,
  `order_status` tinyint(4) NOT NULL DEFAULT 0,
  `shipping_charges` varchar(225) COLLATE utf8mb4_unicode_ci NOT NULL,
  `payment_method` varchar(255) COLLATE utf8mb4_unicode_ci NOT NULL,
  `grand_total` double(8,2) NOT NULL,
  `created_at` timestamp NULL DEFAULT NULL,
  `updated_at` timestamp NULL DEFAULT NULL
) ENGINE=InnoDB DEFAULT CHARSET=utf8mb4 COLLATE=utf8mb4_unicode_ci;

--
-- Dumping data for table `orders`
--

INSERT INTO `orders` (`id`, `user_id`, `user_email`, `name`, `address`, `city`, `state`, `pincode`, `country`, `mobile`, `coupon_code`, `coupon_amount`, `order_status`, `shipping_charges`, `payment_method`, `grand_total`, `created_at`, `updated_at`) VALUES
(5, 30, 'msarwat46@gmail.com', 'mohamed', 'meetbara', 'benha', 'quesnan', '1255', 'Afghanistan', '01062070712', '', 0.00, 0, '', 'COD', 120.00, '2020-08-24 12:50:22', '2020-08-24 13:05:24');

-- --------------------------------------------------------

--
-- Table structure for table `orders_products`
--

CREATE TABLE `orders_products` (
  `id` int(10) UNSIGNED NOT NULL,
  `user_id` int(11) NOT NULL,
  `product_id` int(11) NOT NULL,
  `order_id` int(11) NOT NULL,
  `product_code` varchar(255) COLLATE utf8mb4_unicode_ci NOT NULL,
  `product_name` varchar(255) COLLATE utf8mb4_unicode_ci NOT NULL,
  `product_size` varchar(255) COLLATE utf8mb4_unicode_ci NOT NULL,
  `product_price` varchar(255) COLLATE utf8mb4_unicode_ci NOT NULL,
  `product_qty` varchar(255) COLLATE utf8mb4_unicode_ci NOT NULL,
  `product_color` varchar(255) COLLATE utf8mb4_unicode_ci NOT NULL,
  `created_at` timestamp NULL DEFAULT NULL,
  `updated_at` timestamp NULL DEFAULT NULL
) ENGINE=InnoDB DEFAULT CHARSET=utf8mb4 COLLATE=utf8mb4_unicode_ci;

--
-- Dumping data for table `orders_products`
--

INSERT INTO `orders_products` (`id`, `user_id`, `product_id`, `order_id`, `product_code`, `product_name`, `product_size`, `product_price`, `product_qty`, `product_color`, `created_at`, `updated_at`) VALUES
(1, 1, 1, 3, '123456', 'T-Shirt', 'M', '120', '1', 'Orange', '2020-08-24 07:08:41', '2020-08-24 07:08:41'),
(2, 1, 1, 3, '123456', 'T-Shirt', 'M', '120', '2', 'Orange', '2020-08-24 07:08:41', '2020-08-24 07:08:41'),
(3, 1, 1, 3, '123456', 'T-Shirt', 'M', '120', '2', 'Orange', '2020-08-24 07:08:41', '2020-08-24 07:08:41'),
(4, 1, 2, 3, '18880', 'dotchi  bag', 'M', '120', '1', 'brown', '2020-08-24 07:08:41', '2020-08-24 07:08:41'),
(5, 1, 1, 4, '123456', 'T-Shirt', 'M', '120', '1', 'Orange', '2020-08-24 07:29:26', '2020-08-24 07:29:26'),
(6, 1, 1, 4, '123456', 'T-Shirt', 'M', '120', '2', 'Orange', '2020-08-24 07:29:26', '2020-08-24 07:29:26'),
(7, 1, 1, 4, '123456', 'T-Shirt', 'M', '120', '2', 'Orange', '2020-08-24 07:29:26', '2020-08-24 07:29:26'),
(8, 1, 2, 4, '18880', 'dotchi  bag', 'M', '120', '1', 'brown', '2020-08-24 07:29:26', '2020-08-24 07:29:26'),
(9, 30, 2, 5, '18880', 'dotchi  bag', 'M', '120', '1', 'brown', '2020-08-24 12:50:22', '2020-08-24 12:50:22');

-- --------------------------------------------------------

--
-- Table structure for table `password_resets`
--

CREATE TABLE `password_resets` (
  `email` varchar(255) COLLATE utf8mb4_unicode_ci NOT NULL,
  `token` varchar(255) COLLATE utf8mb4_unicode_ci NOT NULL,
  `created_at` timestamp NULL DEFAULT NULL
) ENGINE=InnoDB DEFAULT CHARSET=utf8mb4 COLLATE=utf8mb4_unicode_ci;

-- --------------------------------------------------------

--
-- Table structure for table `products`
--

CREATE TABLE `products` (
  `id` int(10) UNSIGNED NOT NULL,
  `category_id` int(11) NOT NULL,
  `product_name` varchar(255) COLLATE utf8mb4_unicode_ci NOT NULL,
  `product_code` varchar(255) COLLATE utf8mb4_unicode_ci NOT NULL,
  `product_color` varchar(255) COLLATE utf8mb4_unicode_ci NOT NULL,
  `description` text COLLATE utf8mb4_unicode_ci NOT NULL,
  `price` double(8,2) NOT NULL,
  `image` varchar(255) COLLATE utf8mb4_unicode_ci NOT NULL,
  `image2` varchar(225) COLLATE utf8mb4_unicode_ci NOT NULL,
  `status` tinyint(4) NOT NULL DEFAULT 0,
  `care` varchar(225) COLLATE utf8mb4_unicode_ci NOT NULL,
  `created_at` timestamp NULL DEFAULT NULL,
  `updated_at` timestamp NULL DEFAULT NULL
) ENGINE=InnoDB DEFAULT CHARSET=utf8mb4 COLLATE=utf8mb4_unicode_ci;

--
-- Dumping data for table `products`
--

INSERT INTO `products` (`id`, `category_id`, `product_name`, `product_code`, `product_color`, `description`, `price`, `image`, `image2`, `status`, `care`, `created_at`, `updated_at`) VALUES
(3, 4, 'Dotchi bag 1', '123544', '#eeee', 'Test Dot-chi  app', 120.00, '87143.png', '', 1, 'leather', '2020-08-26 05:17:03', '2020-08-26 05:17:03'),
(5, 4, 'Dotchi bag 7', '123544', '#eeee', 'dotich  bags', 120.00, '21449.png', '', 1, 'leather', '2020-08-26 05:18:18', '2020-08-26 05:18:18'),
(6, 3, 'Dotchi bag 1', '123544', '#eeee', 'test  dotch  bags', 120.00, '21237.png', '', 1, 'leather', '2020-08-26 05:18:44', '2020-08-26 05:18:44'),
(7, 4, 'sarwat', '123544', '#eeee', 'test', 120.00, '60965.png', '75846.jpg', 1, 'leather', '2020-08-31 08:46:58', '2020-08-31 08:46:58');

-- --------------------------------------------------------

--
-- Table structure for table `products_attributes`
--

CREATE TABLE `products_attributes` (
  `id` int(10) UNSIGNED NOT NULL,
  `product_id` int(11) NOT NULL,
  `sku` varchar(255) COLLATE utf8mb4_unicode_ci NOT NULL,
  `size` varchar(255) COLLATE utf8mb4_unicode_ci NOT NULL,
  `price` double(8,2) NOT NULL,
  `stock` int(11) NOT NULL,
  `created_at` timestamp NULL DEFAULT NULL,
  `updated_at` timestamp NULL DEFAULT NULL
) ENGINE=InnoDB DEFAULT CHARSET=utf8mb4 COLLATE=utf8mb4_unicode_ci;

--
-- Dumping data for table `products_attributes`
--

INSERT INTO `products_attributes` (`id`, `product_id`, `sku`, `size`, `price`, `stock`, `created_at`, `updated_at`) VALUES
(1, 1, '456', 'M', 120.00, 20, '2020-07-19 12:38:50', '2020-07-19 12:38:50'),
(2, 2, '18880', 'M', 120.00, 3, '2020-08-23 20:26:39', '2020-08-23 20:26:57');

-- --------------------------------------------------------

--
-- Table structure for table `products_images`
--

CREATE TABLE `products_images` (
  `id` int(11) NOT NULL,
  `product_id` int(11) NOT NULL,
  `image` varchar(225) NOT NULL,
  `created_at` timestamp NULL DEFAULT NULL,
  `updated_at` timestamp NULL DEFAULT NULL
) ENGINE=InnoDB DEFAULT CHARSET=utf8mb4;

--
-- Dumping data for table `products_images`
--

INSERT INTO `products_images` (`id`, `product_id`, `image`, `created_at`, `updated_at`) VALUES
(2, 3, '17873.jpg', '2020-08-26 05:48:45', '2020-08-26 05:48:45'),
(3, 5, '49018.jpg', '2020-08-26 05:49:12', '2020-08-26 05:49:12'),
(4, 6, '85588.jpg', '2020-08-26 05:49:25', '2020-08-26 05:49:25');

-- --------------------------------------------------------

--
-- Table structure for table `users`
--

CREATE TABLE `users` (
  `id` bigint(20) UNSIGNED NOT NULL,
  `name` varchar(255) COLLATE utf8mb4_unicode_ci NOT NULL,
  `email` varchar(255) COLLATE utf8mb4_unicode_ci NOT NULL,
  `email_verified_at` timestamp NULL DEFAULT NULL,
  `password` varchar(255) COLLATE utf8mb4_unicode_ci NOT NULL,
  `address` varchar(255) COLLATE utf8mb4_unicode_ci DEFAULT NULL,
  `city` varchar(255) COLLATE utf8mb4_unicode_ci DEFAULT NULL,
  `country` varchar(225) COLLATE utf8mb4_unicode_ci NOT NULL,
  `state` varchar(255) COLLATE utf8mb4_unicode_ci DEFAULT NULL,
  `pincode` varchar(255) COLLATE utf8mb4_unicode_ci DEFAULT NULL,
  `mobile` varchar(255) COLLATE utf8mb4_unicode_ci DEFAULT NULL,
  `admin` tinyint(4) NOT NULL DEFAULT 0,
  `status` tinyint(4) NOT NULL DEFAULT 0,
  `remember_token` varchar(100) COLLATE utf8mb4_unicode_ci DEFAULT NULL,
  `created_at` timestamp NULL DEFAULT NULL,
  `updated_at` timestamp NULL DEFAULT NULL
) ENGINE=InnoDB DEFAULT CHARSET=utf8mb4 COLLATE=utf8mb4_unicode_ci;

--
-- Dumping data for table `users`
--

INSERT INTO `users` (`id`, `name`, `email`, `email_verified_at`, `password`, `address`, `city`, `country`, `state`, `pincode`, `mobile`, `admin`, `status`, `remember_token`, `created_at`, `updated_at`) VALUES
(30, 'mohamed', 'test@gmail.com', NULL, '$2y$10$rVkL5RxAV89BizE3aoiSuOoZcnp.62HlqO48Ac2Jbkc7renHKwerK', 'meetbara', 'benha', 'Afghanistan', 'quesnan', '1255', '01062070712', 0, 1, NULL, '2020-08-24 12:40:31', '2020-10-19 08:28:43'),
(31, 'mostafa', 'msarwat46@gmail.com', NULL, '$2y$10$hHtH6Uj0jsKEDE.uz.al0O6SH1XjpNwDnAdgSURhrjoNiZBiCGBJy', NULL, NULL, '', NULL, NULL, NULL, 0, 1, 'cmUYXa1ZudN5rczVGPmfKeCgHx3bmKLt4qfmiFQ9WYC60HWaLzFo33l1PsX7', '2020-10-19 18:22:38', '2020-10-19 18:31:11');

--
-- Indexes for dumped tables
--

--
-- Indexes for table `admins`
--
ALTER TABLE `admins`
  ADD PRIMARY KEY (`id`);

--
-- Indexes for table `banners`
--
ALTER TABLE `banners`
  ADD PRIMARY KEY (`id`);

--
-- Indexes for table `cart`
--
ALTER TABLE `cart`
  ADD PRIMARY KEY (`id`);

--
-- Indexes for table `categories`
--
ALTER TABLE `categories`
  ADD PRIMARY KEY (`id`);

--
-- Indexes for table `countries`
--
ALTER TABLE `countries`
  ADD PRIMARY KEY (`id`);

--
-- Indexes for table `coupons`
--
ALTER TABLE `coupons`
  ADD PRIMARY KEY (`id`);

--
-- Indexes for table `delivery_addresses`
--
ALTER TABLE `delivery_addresses`
  ADD PRIMARY KEY (`id`);

--
-- Indexes for table `failed_jobs`
--
ALTER TABLE `failed_jobs`
  ADD PRIMARY KEY (`id`);

--
-- Indexes for table `migrations`
--
ALTER TABLE `migrations`
  ADD PRIMARY KEY (`id`);

--
-- Indexes for table `orders`
--
ALTER TABLE `orders`
  ADD PRIMARY KEY (`id`);

--
-- Indexes for table `orders_products`
--
ALTER TABLE `orders_products`
  ADD PRIMARY KEY (`id`);

--
-- Indexes for table `password_resets`
--
ALTER TABLE `password_resets`
  ADD KEY `password_resets_email_index` (`email`);

--
-- Indexes for table `products`
--
ALTER TABLE `products`
  ADD PRIMARY KEY (`id`);

--
-- Indexes for table `products_attributes`
--
ALTER TABLE `products_attributes`
  ADD PRIMARY KEY (`id`);

--
-- Indexes for table `products_images`
--
ALTER TABLE `products_images`
  ADD PRIMARY KEY (`id`);

--
-- Indexes for table `users`
--
ALTER TABLE `users`
  ADD PRIMARY KEY (`id`),
  ADD UNIQUE KEY `users_email_unique` (`email`);

--
-- AUTO_INCREMENT for dumped tables
--

--
-- AUTO_INCREMENT for table `admins`
--
ALTER TABLE `admins`
  MODIFY `id` int(11) NOT NULL AUTO_INCREMENT, AUTO_INCREMENT=7;

--
-- AUTO_INCREMENT for table `banners`
--
ALTER TABLE `banners`
  MODIFY `id` int(11) NOT NULL AUTO_INCREMENT, AUTO_INCREMENT=2;

--
-- AUTO_INCREMENT for table `cart`
--
ALTER TABLE `cart`
  MODIFY `id` bigint(20) UNSIGNED NOT NULL AUTO_INCREMENT, AUTO_INCREMENT=9;

--
-- AUTO_INCREMENT for table `categories`
--
ALTER TABLE `categories`
  MODIFY `id` int(10) UNSIGNED NOT NULL AUTO_INCREMENT, AUTO_INCREMENT=5;

--
-- AUTO_INCREMENT for table `countries`
--
ALTER TABLE `countries`
  MODIFY `id` int(11) NOT NULL AUTO_INCREMENT, AUTO_INCREMENT=247;

--
-- AUTO_INCREMENT for table `coupons`
--
ALTER TABLE `coupons`
  MODIFY `id` int(10) UNSIGNED NOT NULL AUTO_INCREMENT, AUTO_INCREMENT=3;

--
-- AUTO_INCREMENT for table `delivery_addresses`
--
ALTER TABLE `delivery_addresses`
  MODIFY `id` int(10) UNSIGNED NOT NULL AUTO_INCREMENT, AUTO_INCREMENT=3;

--
-- AUTO_INCREMENT for table `failed_jobs`
--
ALTER TABLE `failed_jobs`
  MODIFY `id` bigint(20) UNSIGNED NOT NULL AUTO_INCREMENT;

--
-- AUTO_INCREMENT for table `migrations`
--
ALTER TABLE `migrations`
  MODIFY `id` int(10) UNSIGNED NOT NULL AUTO_INCREMENT, AUTO_INCREMENT=12;

--
-- AUTO_INCREMENT for table `orders`
--
ALTER TABLE `orders`
  MODIFY `id` int(10) UNSIGNED NOT NULL AUTO_INCREMENT, AUTO_INCREMENT=6;

--
-- AUTO_INCREMENT for table `orders_products`
--
ALTER TABLE `orders_products`
  MODIFY `id` int(10) UNSIGNED NOT NULL AUTO_INCREMENT, AUTO_INCREMENT=10;

--
-- AUTO_INCREMENT for table `products`
--
ALTER TABLE `products`
  MODIFY `id` int(10) UNSIGNED NOT NULL AUTO_INCREMENT, AUTO_INCREMENT=8;

--
-- AUTO_INCREMENT for table `products_attributes`
--
ALTER TABLE `products_attributes`
  MODIFY `id` int(10) UNSIGNED NOT NULL AUTO_INCREMENT, AUTO_INCREMENT=4;

--
-- AUTO_INCREMENT for table `products_images`
--
ALTER TABLE `products_images`
  MODIFY `id` int(11) NOT NULL AUTO_INCREMENT, AUTO_INCREMENT=5;

--
-- AUTO_INCREMENT for table `users`
--
ALTER TABLE `users`
  MODIFY `id` bigint(20) UNSIGNED NOT NULL AUTO_INCREMENT, AUTO_INCREMENT=32;
COMMIT;

/*!40101 SET CHARACTER_SET_CLIENT=@OLD_CHARACTER_SET_CLIENT */;
/*!40101 SET CHARACTER_SET_RESULTS=@OLD_CHARACTER_SET_RESULTS */;
/*!40101 SET COLLATION_CONNECTION=@OLD_COLLATION_CONNECTION */;
